from_id,pro1,to_id
yuanshi_1,中文名,property_1
yuanshi_1,外文名,property_2
yuanshi_1,性别,property_3
yuanshi_1,出生日期,property_4
yuanshi_1,出生地,property_5
yuanshi_1,国籍,property_6
yuanshi_1,民族,property_7
yuanshi_1,职业,property_8
yuanshi_1,职业,property_9
yuanshi_1,职业,property_10
yuanshi_1,职业,property_11
yuanshi_1,毕业院校,property_12
yuanshi_1,毕业院校,property_13
yuanshi_1,政治面貌,property_14
yuanshi_1,代表作品,property_15
yuanshi_1,代表作品,property_16
yuanshi_1,代表作品,property_17
yuanshi_1,主要成就,property_18
yuanshi_1,主要成就,property_19
yuanshi_1,曾任职,property_20
yuanshi_1,信仰,property_21
yuanshi_1,原籍,property_22
yuanshi_1,本科,property_23
yuanshi_1,硕士研究生,property_24
yuanshi_1,博士研究生,property_25
yuanshi_1,博士后,property_26
yuanshi_1,任职,property_27
yuanshi_1,任职,property_28
yuanshi_1,任职,property_29
yuanshi_1,任职,property_30
yuanshi_1,任职,property_31
yuanshi_1,任职,property_32
yuanshi_1,任职,property_33
yuanshi_1,任职,property_34
yuanshi_1,任职,property_35
yuanshi_1,任职,property_36
yuanshi_1,任职,property_37
yuanshi_1,任职,property_38
yuanshi_1,任职,property_39
yuanshi_1,任职,property_40
yuanshi_1,任职,property_41
yuanshi_1,任职,property_42
yuanshi_1,任职,property_43
yuanshi_1,任职,property_44
yuanshi_1,任职,property_45
yuanshi_1,任职,property_46
yuanshi_1,任职,property_47
yuanshi_1,任职,property_48
yuanshi_1,任职,property_49
yuanshi_1,任职,property_50
yuanshi_1,任职,property_51
yuanshi_1,任职,property_52
yuanshi_1,任职,property_53
yuanshi_1,任职,property_54
yuanshi_1,任职,property_55
yuanshi_1,任职,property_56
yuanshi_1,任免_辞职,property_57
yuanshi_1,学术兼职,property_58
yuanshi_1,学术兼职,property_59
yuanshi_1,学术兼职,property_60
yuanshi_1,学术兼职,property_61
yuanshi_1,学术兼职,property_62
yuanshi_1,学术兼职,property_63
yuanshi_1,学术兼职,property_64
yuanshi_1,学术兼职,property_65
yuanshi_1,学术兼职,property_66
yuanshi_1,学术兼职,property_67
yuanshi_1,学术兼职,property_68
yuanshi_1,学术兼职,property_69
yuanshi_1,学术兼职,property_70
yuanshi_1,学术兼职,property_71
yuanshi_1,学术兼职,property_72
yuanshi_1,学术兼职,property_73
yuanshi_1,学术兼职,property_74
yuanshi_1,学术兼职,property_75
yuanshi_1,学术兼职,property_76
yuanshi_1,学术兼职,property_77
yuanshi_1,学术兼职,property_78
yuanshi_1,学术兼职,property_79
yuanshi_1,学术兼职,property_80
yuanshi_1,学术兼职,property_81
yuanshi_1,学术兼职,property_82
yuanshi_1,学术兼职,property_83
yuanshi_1,技术工作兼职,property_84
yuanshi_1,技术工作兼职,property_85
yuanshi_1,技术工作兼职,property_86
yuanshi_1,技术工作兼职,property_87
yuanshi_1,技术工作兼职,property_88
yuanshi_1,技术工作兼职,property_89
yuanshi_1,技术工作兼职,property_90
yuanshi_1,技术工作兼职,property_91
yuanshi_1,技术工作兼职,property_92
yuanshi_1,技术工作兼职,property_93
yuanshi_1,技术工作兼职,property_94
yuanshi_1,技术工作兼职,property_95
yuanshi_1,技术工作兼职,property_96
yuanshi_1,技术工作兼职,property_97
yuanshi_1,技术工作兼职,property_98
yuanshi_1,技术工作兼职,property_99
yuanshi_1,技术工作兼职,property_100
yuanshi_1,技术工作兼职,property_101
yuanshi_1,技术工作兼职,property_102
yuanshi_1,技术工作兼职,property_103
yuanshi_1,技术工作兼职,property_104
yuanshi_1,技术工作兼职,property_105
yuanshi_1,技术工作兼职,property_106
yuanshi_1,技术工作兼职,property_107
yuanshi_1,技术工作兼职,property_108
yuanshi_1,技术工作兼职,property_109
yuanshi_1,技术工作兼职,property_110
yuanshi_1,技术工作兼职,property_111
yuanshi_1,技术工作兼职,property_112
yuanshi_1,技术工作兼职,property_113
yuanshi_1,技术工作兼职,property_114
yuanshi_1,技术工作兼职,property_115
yuanshi_1,技术工作兼职,property_116
yuanshi_1,技术工作兼职,property_117
yuanshi_1,技术工作兼职,property_118
yuanshi_1,技术工作兼职,property_119
yuanshi_1,技术工作兼职,property_120
yuanshi_1,技术工作兼职,property_121
yuanshi_1,技术工作兼职,property_122
yuanshi_1,技术工作兼职,property_123
yuanshi_1,技术工作兼职,property_124
yuanshi_1,社会兼职,property_125
yuanshi_1,社会兼职,property_126
yuanshi_1,社会兼职,property_127
yuanshi_1,社会兼职,property_128
yuanshi_1,社会兼职,property_129
yuanshi_1,社会兼职,property_130
yuanshi_1,社会兼职,property_131
yuanshi_1,方向,property_132
yuanshi_1,方向,property_133
yuanshi_1,研究领域,property_134
yuanshi_1,授予奖项名称,property_135
yuanshi_1,授予奖项名称,property_136
yuanshi_1,授予奖项名称,property_137
yuanshi_1,授予奖项名称,property_138
yuanshi_1,授予奖项名称,property_139
yuanshi_1,授予奖项名称,property_140
yuanshi_1,授予奖项名称,property_141
yuanshi_1,授予奖项名称,property_142
yuanshi_1,授予奖项名称,property_143
yuanshi_1,授予奖项名称,property_144
yuanshi_1,授予奖项名称,property_145
yuanshi_1,授予奖项名称,property_146
yuanshi_1,授予奖项名称,property_147
yuanshi_1,授予奖项名称,property_148
yuanshi_1,论著名称,property_149
yuanshi_1,论著名称,property_150
yuanshi_1,论著名称,property_151
yuanshi_1,论著名称,property_152
yuanshi_1,论著名称,property_153
yuanshi_1,论著名称,property_154
yuanshi_1,论著名称,property_155
yuanshi_1,项目名称,property_156
yuanshi_1,项目名称,property_157
yuanshi_1,项目名称,property_158
yuanshi_1,项目名称,property_159
yuanshi_1,项目名称,property_160
yuanshi_1,项目名称,property_161
yuanshi_1,项目名称,property_162
yuanshi_1,项目名称,property_163
yuanshi_1,项目名称,property_164
yuanshi_1,项目名称,property_165
yuanshi_1,项目名称,property_166
yuanshi_1,项目名称,property_167
yuanshi_1,项目名称,property_168
yuanshi_1,研究成果名称,property_169
yuanshi_1,研究成果名称,property_170
yuanshi_1,研究成果名称,property_171
yuanshi_1,研究成果名称,property_172
yuanshi_1,研究成果名称,property_173
yuanshi_1,研究成果名称,property_174
yuanshi_1,研究成果名称,property_175
yuanshi_1,研究成果名称,property_176
yuanshi_1,研究成果名称,property_177
yuanshi_1,研究成果名称,property_178
yuanshi_1,研究成果名称,property_179
yuanshi_1,研究成果名称,property_180
yuanshi_1,研究成果名称,property_181
yuanshi_1,教育理念,property_182
yuanshi_1,指导学生,property_183
yuanshi_1,学术报告,property_184
yuanshi_2,中文名,property_185
yuanshi_2,性别,property_3
yuanshi_2,出生日期,property_186
yuanshi_2,国籍,property_6
yuanshi_2,民族,property_7
yuanshi_2,毕业院校,property_187
yuanshi_2,毕业院校,property_188
yuanshi_2,政治面貌,property_14
yuanshi_2,原籍,property_189
yuanshi_2,本科,property_190
yuanshi_2,硕士研究生,property_187
yuanshi_2,任职,property_191
yuanshi_2,任职,property_192
yuanshi_2,任职,property_193
yuanshi_2,任职,property_194
yuanshi_2,任职,property_195
yuanshi_2,任职,property_196
yuanshi_2,任职,property_197
yuanshi_2,任职,property_198
yuanshi_2,任职,property_199
yuanshi_2,任职,property_200
yuanshi_2,任职,property_201
yuanshi_2,任职,property_202
yuanshi_2,任职,property_203
yuanshi_2,任职,property_204
yuanshi_2,任职,property_205
yuanshi_2,任职,property_206
yuanshi_2,任职,property_38
yuanshi_2,任职,property_198
yuanshi_2,任职,property_207
yuanshi_2,任职,property_197
yuanshi_2,任职,property_208
yuanshi_2,任职,property_209
yuanshi_2,社会兼职,property_210
yuanshi_2,社会兼职,property_211
yuanshi_2,社会兼职,property_212
yuanshi_2,社会兼职,property_213
yuanshi_2,社会兼职,property_214
yuanshi_2,社会兼职,property_215
yuanshi_2,社会兼职,property_216
yuanshi_2,授予奖项名称,property_217
yuanshi_2,授予奖项名称,property_218
yuanshi_2,研究成果名称,property_219
yuanshi_3,中文名,property_220
yuanshi_3,性别,property_3
yuanshi_3,出生日期,property_221
yuanshi_3,出生地,property_222
yuanshi_3,国籍,property_6
yuanshi_3,民族,property_7
yuanshi_3,毕业院校,property_223
yuanshi_3,政治面貌,property_224
yuanshi_3,代表作品,property_225
yuanshi_3,主要成就,property_226
yuanshi_3,本科,property_223
yuanshi_3,任职,property_227
yuanshi_3,任职,property_228
yuanshi_3,任职,property_229
yuanshi_3,任职,property_230
yuanshi_3,任职,property_231
yuanshi_3,任职,property_232
yuanshi_3,社会兼职,property_233
yuanshi_3,社会兼职,property_234
yuanshi_3,社会兼职,property_235
yuanshi_3,社会兼职,property_236
yuanshi_3,社会兼职,property_237
yuanshi_3,社会兼职,property_238
yuanshi_3,社会兼职,property_239
yuanshi_3,社会兼职,property_38
yuanshi_3,社会兼职,property_240
yuanshi_3,社会兼职,property_241
yuanshi_3,社会兼职,property_232
yuanshi_3,社会兼职,property_242
yuanshi_3,社会兼职,property_243
yuanshi_3,社会兼职,property_244
yuanshi_3,社会兼职,property_245
yuanshi_3,研究领域,property_246
yuanshi_3,授予奖项名称,property_247
yuanshi_3,授予奖项名称,property_248
yuanshi_3,授予奖项名称,property_249
yuanshi_3,研究成果名称,property_250
yuanshi_3,指导学生,property_251
yuanshi_4,中文名,property_252
yuanshi_4,性别,property_3
yuanshi_4,出生日期,property_253
yuanshi_4,出生地,property_254
yuanshi_4,国籍,property_6
yuanshi_4,民族,property_7
yuanshi_4,职业,property_38
yuanshi_4,毕业院校,property_255
yuanshi_4,政治面貌,property_224
yuanshi_4,本科,property_255
yuanshi_4,硕士研究生,property_256
yuanshi_4,任职,property_141
yuanshi_4,任职,property_257
yuanshi_4,任职,property_258
yuanshi_4,社会兼职,property_259
yuanshi_4,社会兼职,property_260
yuanshi_4,社会兼职,property_261
yuanshi_4,社会兼职,property_262
yuanshi_4,社会兼职,property_263
yuanshi_4,社会兼职,property_264
yuanshi_4,社会兼职,property_265
yuanshi_4,授予奖项名称,property_266
yuanshi_4,授予奖项名称,property_267
yuanshi_4,授予奖项名称,property_268
yuanshi_4,授予奖项名称,property_269
yuanshi_4,授予奖项名称,property_270
yuanshi_4,论著名称,property_271
yuanshi_4,论著名称,property_272
yuanshi_4,研究成果名称,property_273
yuanshi_5,中文名,property_274
yuanshi_5,外文名,property_275
yuanshi_5,出生日期,property_276
yuanshi_5,出生地,property_277
yuanshi_5,国籍,property_6
yuanshi_5,民族,property_7
yuanshi_5,职业,property_278
yuanshi_5,职业,property_279
yuanshi_5,职业,property_280
yuanshi_5,毕业院校,property_281
yuanshi_5,毕业院校,property_255
yuanshi_5,政治面貌,property_282
yuanshi_5,原籍,property_283
yuanshi_5,本科,property_284
yuanshi_5,硕士研究生,property_285
yuanshi_5,博士研究生,property_285
yuanshi_5,任职,property_286
yuanshi_5,任职,property_287
yuanshi_5,任职,property_288
yuanshi_5,任职,property_289
yuanshi_5,任职,property_290
yuanshi_5,任职,property_291
yuanshi_5,任职,property_292
yuanshi_5,任职,property_293
yuanshi_5,任职,property_294
yuanshi_5,任职,property_295
yuanshi_5,任职,property_296
yuanshi_5,任职,property_297
yuanshi_5,任职,property_298
yuanshi_5,任职,property_299
yuanshi_5,任职,property_300
yuanshi_5,任职,property_301
yuanshi_5,任职,property_294
yuanshi_5,社会兼职,property_302
yuanshi_5,社会兼职,property_38
yuanshi_5,社会兼职,property_303
yuanshi_5,社会兼职,property_304
yuanshi_5,社会兼职,property_210
yuanshi_5,社会兼职,property_305
yuanshi_5,社会兼职,property_306
yuanshi_5,社会兼职,property_307
yuanshi_5,社会兼职,property_308
yuanshi_5,社会兼职,property_309
yuanshi_5,社会兼职,property_310
yuanshi_5,社会兼职,property_311
yuanshi_5,社会兼职,property_312
yuanshi_5,社会兼职,property_313
yuanshi_5,研究领域,property_314
yuanshi_5,授予奖项名称,property_315
yuanshi_5,授予奖项名称,property_315
yuanshi_5,授予奖项名称,property_316
yuanshi_5,授予奖项名称,property_317
yuanshi_5,授予奖项名称,property_318
yuanshi_5,授予奖项名称,property_319
yuanshi_5,授予奖项名称,property_320
yuanshi_5,授予奖项名称,property_321
yuanshi_5,授予奖项名称,property_322
yuanshi_5,授予奖项名称,property_321
yuanshi_5,授予奖项名称,property_323
yuanshi_5,授予奖项名称,property_324
yuanshi_5,授予奖项名称,property_325
yuanshi_5,授予奖项名称,property_326
yuanshi_5,授予奖项名称,property_140
yuanshi_5,授予奖项名称,property_327
yuanshi_5,论著名称,property_328
yuanshi_5,研究成果名称,property_250
yuanshi_5,教育理念,property_251
yuanshi_6,中文名,property_329
yuanshi_6,性别,property_3
yuanshi_6,出生日期,property_330
yuanshi_6,出生地,property_331
yuanshi_6,国籍,property_6
yuanshi_6,民族,property_7
yuanshi_6,职业,property_332
yuanshi_6,毕业院校,property_333
yuanshi_6,毕业院校,property_334
yuanshi_6,政治面貌,property_14
yuanshi_6,主要成就,property_38
yuanshi_6,主要成就,property_335
yuanshi_6,本科,property_336
yuanshi_6,硕士研究生,property_336
yuanshi_6,博士研究生,property_337
yuanshi_6,任职,property_338
yuanshi_6,任职,property_339
yuanshi_6,任职,property_340
yuanshi_6,任职,property_341
yuanshi_6,任职,property_342
yuanshi_6,任职,property_343
yuanshi_6,任职,property_343
yuanshi_6,任职,property_344
yuanshi_6,任职,property_345
yuanshi_6,任职,property_346
yuanshi_6,任职,property_347
yuanshi_6,任职,property_348
yuanshi_6,任职,property_349
yuanshi_6,任职,property_350
yuanshi_6,任职,property_332
yuanshi_6,任职,property_141
yuanshi_6,任职,property_351
yuanshi_6,任职,property_352
yuanshi_6,任免_辞职,property_353
yuanshi_6,任免_辞职,property_354
yuanshi_6,任免_辞职,property_355
yuanshi_6,任免_辞职,property_356
yuanshi_6,任免_辞职,property_357
yuanshi_6,任免_辞职,property_358
yuanshi_6,授予奖项名称,property_335
yuanshi_6,授予奖项名称,property_359
yuanshi_6,授予奖项名称,property_360
yuanshi_7,中文名,property_361
yuanshi_7,出生日期,property_362
yuanshi_7,出生地,property_363
yuanshi_7,国籍,property_6
yuanshi_7,民族,property_7
yuanshi_7,职业,property_364
yuanshi_7,毕业院校,property_365
yuanshi_7,毕业院校,property_366
yuanshi_7,毕业院校,property_367
yuanshi_7,主要成就,property_368
yuanshi_7,院校,property_369
yuanshi_7,任职,property_370
yuanshi_7,任职,property_371
yuanshi_7,任职,property_372
yuanshi_7,任职,property_373
yuanshi_7,任职,property_374
yuanshi_7,任职,property_371
yuanshi_7,任职,property_375
yuanshi_7,任职,property_376
yuanshi_7,职称,property_377
yuanshi_7,职称,property_378
yuanshi_7,职称,property_379
yuanshi_7,职称,property_380
yuanshi_7,职称,property_381
yuanshi_7,职称,property_378
yuanshi_7,职称,property_379
yuanshi_7,职称,property_380
yuanshi_7,职称,property_382
yuanshi_7,职称,property_383
yuanshi_7,职称,property_384
yuanshi_7,职称,property_385
yuanshi_7,职称,property_386
yuanshi_7,职称,property_387
yuanshi_7,职称,property_388
yuanshi_7,职称,property_389
yuanshi_7,职称,property_390
yuanshi_7,职称,property_390
yuanshi_7,职称,property_386
yuanshi_7,职称,property_391
yuanshi_7,职称,property_387
yuanshi_7,职称,property_388
yuanshi_7,职称,property_389
yuanshi_7,职称,property_392
yuanshi_7,职称,property_393
yuanshi_7,职称,property_394
yuanshi_7,职称,property_393
yuanshi_7,职称,property_395
yuanshi_7,职称,property_396
yuanshi_7,职称,property_397
yuanshi_7,职称,property_398
yuanshi_7,职称,property_399
yuanshi_7,职称,property_400
yuanshi_7,荣誉,property_401
yuanshi_7,荣誉,property_402
yuanshi_7,荣誉,property_402
yuanshi_7,成果,property_403
yuanshi_7,成果,property_404
yuanshi_8,中文名,property_405
yuanshi_8,出生日期,property_406
yuanshi_8,出生地,property_407
yuanshi_8,国籍,property_6
yuanshi_8,民族,property_7
yuanshi_8,职业,property_408
yuanshi_8,职业,property_409
yuanshi_8,毕业院校,property_410
yuanshi_8,毕业院校,property_411
yuanshi_8,主要成就,property_412
yuanshi_8,任职,property_413
yuanshi_8,任职,property_414
yuanshi_8,任职,property_415
yuanshi_8,职称,property_416
yuanshi_8,职称,property_416
yuanshi_8,职称,property_385
yuanshi_8,职称,property_417
yuanshi_8,职称,property_418
yuanshi_8,职称,property_419
yuanshi_8,职称,property_420
yuanshi_8,职称,property_421
yuanshi_8,职称,property_422
yuanshi_8,职称,property_422
yuanshi_8,职称,property_423
yuanshi_8,职称,property_424
yuanshi_8,职称,property_425
yuanshi_8,职称,property_426
yuanshi_8,职称,property_427
yuanshi_8,职称,property_427
yuanshi_8,职称,property_428
yuanshi_8,职称,property_429
yuanshi_8,职称,property_430
yuanshi_8,职称,property_431
yuanshi_8,职称,property_432
yuanshi_8,职称,property_433
yuanshi_8,职称,property_434
yuanshi_8,职称,property_435
yuanshi_8,职称,property_436
yuanshi_8,职称,property_431
yuanshi_8,职称,property_437
yuanshi_8,职称,property_438
yuanshi_8,职称,property_433
yuanshi_8,职称,property_434
yuanshi_8,职称,property_439
yuanshi_8,职称,property_440
yuanshi_8,职称,property_441
yuanshi_8,职称,property_442
yuanshi_8,职称,property_443
yuanshi_8,职称,property_444
yuanshi_8,职称,property_445
yuanshi_8,职称,property_446
yuanshi_8,职称,property_447
yuanshi_8,职称,property_448
yuanshi_8,职称,property_449
yuanshi_8,论著,property_450
yuanshi_8,成果,property_451
yuanshi_9,中文名,property_452
yuanshi_9,出生日期,property_453
yuanshi_9,出生地,property_454
yuanshi_9,国籍,property_6
yuanshi_9,民族,property_7
yuanshi_9,职业,property_455
yuanshi_9,职业,property_456
yuanshi_9,毕业院校,property_457
yuanshi_9,毕业院校,property_458
yuanshi_9,代表作品,property_459
yuanshi_9,主要成就,property_460
yuanshi_9,院校,property_461
yuanshi_9,任职,property_414
yuanshi_9,任职,property_415
yuanshi_9,任职,property_462
yuanshi_9,任职,property_373
yuanshi_9,任职,property_463
yuanshi_9,任职,property_463
yuanshi_9,任职,property_464
yuanshi_9,任职,property_465
yuanshi_9,职称,property_466
yuanshi_9,职称,property_467
yuanshi_9,职称,property_468
yuanshi_9,职称,property_469
yuanshi_9,职称,property_389
yuanshi_9,职称,property_470
yuanshi_9,职称,property_432
yuanshi_9,职称,property_471
yuanshi_9,职称,property_472
yuanshi_9,职称,property_473
yuanshi_9,职称,property_474
yuanshi_9,职称,property_475
yuanshi_9,职称,property_476
yuanshi_9,职称,property_477
yuanshi_9,职称,property_478
yuanshi_9,职称,property_479
yuanshi_9,职称,property_480
yuanshi_9,职称,property_481
yuanshi_9,职称,property_482
yuanshi_9,职称,property_483
yuanshi_9,职称,property_484
yuanshi_9,职称,property_485
yuanshi_9,职称,property_486
yuanshi_9,职称,property_487
yuanshi_9,职称,property_488
yuanshi_9,职称,property_489
yuanshi_9,研究领域,property_490
yuanshi_9,荣誉,property_491
yuanshi_9,成果,property_492
yuanshi_9,成果,property_493
yuanshi_9,成果,property_494
yuanshi_9,成果,property_495
yuanshi_10,中文名,property_496
yuanshi_10,出生日期,property_497
yuanshi_10,出生地,property_498
yuanshi_10,国籍,property_6
yuanshi_10,民族,property_499
yuanshi_10,职业,property_500
yuanshi_10,毕业院校,property_501
yuanshi_10,代表作品,property_502
yuanshi_10,代表作品,property_503
yuanshi_10,主要成就,property_504
yuanshi_10,职称,property_505
yuanshi_10,职称,property_506
yuanshi_10,职称,property_432
yuanshi_10,职称,property_507
yuanshi_10,职称,property_508
yuanshi_10,职称,property_509
yuanshi_10,职称,property_510
yuanshi_10,职称,property_511
yuanshi_10,职称,property_510
yuanshi_10,职称,property_505
yuanshi_10,职称,property_512
yuanshi_10,职称,property_512
yuanshi_10,职称,property_511
yuanshi_10,职称,property_513
yuanshi_10,职称,property_514
yuanshi_10,职称,property_514
yuanshi_10,职称,property_515
yuanshi_10,研究领域,property_516
yuanshi_10,成果,property_517
yuanshi_10,成果,property_518
yuanshi_10,成果,property_403
yuanshi_10,成果,property_519
yuanshi_11,中文名,property_520
yuanshi_11,性别,property_3
yuanshi_11,出生日期,property_521
yuanshi_11,出生地,property_522
yuanshi_11,国籍,property_6
yuanshi_11,民族,property_7
yuanshi_11,职业,property_523
yuanshi_11,职业,property_524
yuanshi_11,毕业院校,property_24
yuanshi_11,主要成就,property_525
yuanshi_11,信仰,property_526
yuanshi_11,院校,property_527
yuanshi_11,院校,property_528
yuanshi_11,任职,property_529
yuanshi_11,任职,property_530
yuanshi_11,任职,property_531
yuanshi_11,任职,property_532
yuanshi_11,职称,property_533
yuanshi_11,职称,property_534
yuanshi_11,职称,property_534
yuanshi_11,职称,property_535
yuanshi_11,职称,property_536
yuanshi_11,职称,property_536
yuanshi_11,职称,property_537
yuanshi_11,职称,property_538
yuanshi_11,职称,property_432
yuanshi_11,职称,property_533
yuanshi_11,职称,property_539
yuanshi_11,职称,property_59
yuanshi_11,职称,property_535
yuanshi_11,职称,property_540
yuanshi_11,职称,property_541
yuanshi_11,职称,property_542
yuanshi_11,职称,property_543
yuanshi_11,职称,property_544
yuanshi_11,职称,property_545
yuanshi_11,职称,property_546
yuanshi_11,职称,property_537
yuanshi_11,职称,property_538
yuanshi_11,职称,property_547
yuanshi_11,职称,property_548
yuanshi_11,职称,property_548
yuanshi_11,研究领域,property_549
yuanshi_11,荣誉,property_550
yuanshi_11,荣誉,property_551
yuanshi_11,荣誉,property_552
yuanshi_11,荣誉,property_552
yuanshi_11,荣誉,property_553
yuanshi_11,成果,property_554
yuanshi_11,成果,property_555
yuanshi_11,成果,property_556
yuanshi_11,成果,property_557
yuanshi_11,成果,property_558
yuanshi_11,发明专利类,property_559
yuanshi_12,中文名,property_560
yuanshi_12,性别,property_3
yuanshi_12,出生日期,property_561
yuanshi_12,出生地,property_562
yuanshi_12,国籍,property_6
yuanshi_12,民族,property_7
yuanshi_12,毕业院校,property_563
yuanshi_12,主要成就,property_564
yuanshi_12,主要成就,property_565
yuanshi_12,主要成就,property_566
yuanshi_12,信仰,property_526
yuanshi_12,院校,property_567
yuanshi_12,任职,property_529
yuanshi_12,任职,property_568
yuanshi_12,任职,property_569
yuanshi_12,任职,property_531
yuanshi_12,任职,property_570
yuanshi_12,任职,property_373
yuanshi_12,任职,property_571
yuanshi_12,职称,property_572
yuanshi_12,职称,property_536
yuanshi_12,职称,property_573
yuanshi_12,职称,property_574
yuanshi_12,职称,property_432
yuanshi_12,职称,property_575
yuanshi_12,职称,property_575
yuanshi_12,职称,property_576
yuanshi_12,职称,property_577
yuanshi_12,职称,property_578
yuanshi_12,职称,property_579
yuanshi_12,职称,property_580
yuanshi_12,职称,property_580
yuanshi_12,职称,property_581
yuanshi_12,职称,property_581
yuanshi_12,职称,property_582
yuanshi_12,职称,property_572
yuanshi_12,职称,property_583
yuanshi_12,职称,property_584
yuanshi_12,职称,property_585
yuanshi_12,职称,property_573
yuanshi_12,职称,property_586
yuanshi_12,职称,property_574
yuanshi_12,职称,property_582
yuanshi_12,职称,property_389
yuanshi_12,职称,property_576
yuanshi_12,职称,property_577
yuanshi_12,职称,property_578
yuanshi_12,职称,property_587
yuanshi_12,职称,property_588
yuanshi_12,职称,property_587
yuanshi_12,职称,property_589
yuanshi_12,职称,property_590
yuanshi_12,职称,property_591
yuanshi_12,职称,property_592
yuanshi_12,职称,property_593
yuanshi_12,职称,property_590
yuanshi_12,职称,property_594
yuanshi_12,论著,property_595
yuanshi_12,成果,property_596
yuanshi_12,成果,property_597
yuanshi_12,发明专利类,property_598
yuanshi_13,中文名,property_599
yuanshi_13,出生日期,property_600
yuanshi_13,出生地,property_601
yuanshi_13,国籍,property_6
yuanshi_13,民族,property_7
yuanshi_13,职业,property_602
yuanshi_13,职业,property_408
yuanshi_13,职业,property_603
yuanshi_13,毕业院校,property_604
yuanshi_13,代表作品,property_605
yuanshi_13,主要成就,property_606
yuanshi_13,主要成就,property_607
yuanshi_13,任职,property_373
yuanshi_13,职称,property_608
yuanshi_13,职称,property_432
yuanshi_13,职称,property_609
yuanshi_13,职称,property_610
yuanshi_13,职称,property_611
yuanshi_13,职称,property_612
yuanshi_13,职称,property_389
yuanshi_13,职称,property_613
yuanshi_13,职称,property_613
yuanshi_13,职称,property_614
yuanshi_13,职称,property_615
yuanshi_13,职称,property_616
yuanshi_13,职称,property_617
yuanshi_13,职称,property_616
yuanshi_13,职称,property_579
yuanshi_13,职称,property_618
yuanshi_13,职称,property_619
yuanshi_13,职称,property_620
yuanshi_13,职称,property_608
yuanshi_13,职称,property_609
yuanshi_13,职称,property_610
yuanshi_13,职称,property_621
yuanshi_13,职称,property_622
yuanshi_13,职称,property_623
yuanshi_13,职称,property_624
yuanshi_13,职称,property_612
yuanshi_13,职称,property_625
yuanshi_13,职称,property_626
yuanshi_13,职称,property_626
yuanshi_13,职称,property_627
yuanshi_13,职称,property_581
yuanshi_13,职称,property_582
yuanshi_13,职称,property_628
yuanshi_13,职称,property_629
yuanshi_13,荣誉,property_630
yuanshi_13,荣誉,property_631
yuanshi_13,荣誉,property_630
yuanshi_13,荣誉,property_631
yuanshi_13,项目,property_632
yuanshi_13,成果,property_633
yuanshi_13,成果,property_634
yuanshi_13,成果,property_635
yuanshi_13,成果,property_597
yuanshi_13,成果,property_636
yuanshi_13,成果,property_637
yuanshi_14,中文名,property_638
yuanshi_14,性别,property_3
yuanshi_14,出生日期,property_639
yuanshi_14,出生地,property_640
yuanshi_14,国籍,property_6
yuanshi_14,职业,property_641
yuanshi_14,毕业院校,property_642
yuanshi_14,代表作品,property_643
yuanshi_14,院校,property_13
yuanshi_14,院校,property_644
yuanshi_14,任职,property_14
yuanshi_14,任职,property_645
yuanshi_14,任职,property_646
yuanshi_14,任职,property_647
yuanshi_14,任职,property_648
yuanshi_14,任职,property_649
yuanshi_14,任职,property_650
yuanshi_14,任职,property_651
yuanshi_14,任职,property_373
yuanshi_14,任职,property_652
yuanshi_14,任职,property_653
yuanshi_14,任职,property_654
yuanshi_14,任职,property_655
yuanshi_14,任职,property_656
yuanshi_14,职称,property_657
yuanshi_14,职称,property_657
yuanshi_14,职称,property_658
yuanshi_14,职称,property_658
yuanshi_14,职称,property_659
yuanshi_14,职称,property_659
yuanshi_14,职称,property_660
yuanshi_14,职称,property_660
yuanshi_14,职称,property_432
yuanshi_14,职称,property_661
yuanshi_14,职称,property_662
yuanshi_14,职称,property_662
yuanshi_14,职称,property_663
yuanshi_14,职称,property_664
yuanshi_14,职称,property_665
yuanshi_14,职称,property_579
yuanshi_14,职称,property_618
yuanshi_14,职称,property_536
yuanshi_14,职称,property_666
yuanshi_14,职称,property_666
yuanshi_14,职称,property_667
yuanshi_14,职称,property_667
yuanshi_14,职称,property_651
yuanshi_14,职称,property_668
yuanshi_14,职称,property_669
yuanshi_14,职称,property_670
yuanshi_14,职称,property_648
yuanshi_14,职称,property_671
yuanshi_14,职称,property_672
yuanshi_14,职称,property_673
yuanshi_14,职称,property_674
yuanshi_14,职称,property_675
yuanshi_14,职称,property_676
yuanshi_14,职称,property_677
yuanshi_14,职称,property_678
yuanshi_14,职称,property_679
yuanshi_14,职称,property_680
yuanshi_14,职称,property_681
yuanshi_14,职称,property_682
yuanshi_14,职称,property_683
yuanshi_14,职称,property_684
yuanshi_14,职称,property_685
yuanshi_14,职称,property_686
yuanshi_14,职称,property_687
yuanshi_14,职称,property_687
yuanshi_14,职称,property_688
yuanshi_14,职称,property_688
yuanshi_14,职称,property_689
yuanshi_14,职称,property_690
yuanshi_14,职称,property_215
yuanshi_14,职称,property_691
yuanshi_14,职称,property_692
yuanshi_14,职称,property_693
yuanshi_14,职称,property_694
yuanshi_14,职称,property_695
yuanshi_14,职称,property_696
yuanshi_14,职称,property_685
yuanshi_14,职称,property_697
yuanshi_14,职称,property_698
yuanshi_14,职称,property_699
yuanshi_14,职称,property_661
yuanshi_14,职称,property_700
yuanshi_14,职称,property_686
yuanshi_14,职称,property_663
yuanshi_14,职称,property_665
yuanshi_14,职称,property_701
yuanshi_14,职称,property_702
yuanshi_14,职称,property_703
yuanshi_14,职称,property_704
yuanshi_14,职称,property_705
yuanshi_14,职称,property_706
yuanshi_14,职称,property_707
yuanshi_14,职称,property_708
yuanshi_14,职称,property_709
yuanshi_14,职称,property_710
yuanshi_14,职称,property_711
yuanshi_14,职称,property_712
yuanshi_14,职称,property_713
yuanshi_14,职称,property_690
yuanshi_14,职称,property_714
yuanshi_14,职称,property_715
yuanshi_14,职称,property_668
yuanshi_14,职称,property_670
yuanshi_14,职称,property_716
yuanshi_14,职称,property_716
yuanshi_14,职称,property_717
yuanshi_14,职称,property_718
yuanshi_14,职称,property_719
yuanshi_14,职称,property_720
yuanshi_14,职称,property_721
yuanshi_14,职称,property_718
yuanshi_14,职称,property_719
yuanshi_14,职称,property_722
yuanshi_14,职称,property_723
yuanshi_14,职称,property_724
yuanshi_14,职称,property_725
yuanshi_14,职称,property_726
yuanshi_14,职称,property_727
yuanshi_14,职称,property_728
yuanshi_14,职称,property_729
yuanshi_14,职称,property_730
yuanshi_14,职称,property_731
yuanshi_14,职称,property_732
yuanshi_14,职称,property_733
yuanshi_14,职称,property_734
yuanshi_14,职称,property_735
yuanshi_14,职称,property_736
yuanshi_14,职称,property_737
yuanshi_14,职称,property_720
yuanshi_14,职称,property_738
yuanshi_14,荣誉,property_739
yuanshi_14,论著,property_740
yuanshi_14,论著,property_741
yuanshi_14,论著,property_742
yuanshi_14,论著,property_743
yuanshi_14,论著,property_712
yuanshi_14,论著,property_713
yuanshi_14,论著,property_744
yuanshi_14,成果,property_745
yuanshi_14,成果,property_746
yuanshi_14,成果,property_747
yuanshi_14,成果,property_748
yuanshi_14,成果,property_749
yuanshi_14,成果,property_750
yuanshi_14,成果,property_751
yuanshi_14,成果,property_752
yuanshi_14,成果,property_753
yuanshi_14,成果,property_754
yuanshi_14,成果,property_755
yuanshi_14,成果,property_756
yuanshi_14,人才培养类,property_757
yuanshi_15,中文名,property_892
yuanshi_15,外文名,property_759
yuanshi_15,性别,property_3
yuanshi_15,出生日期,property_760
yuanshi_15,出生地,property_761
yuanshi_15,国籍,property_6
yuanshi_15,民族,property_499
yuanshi_15,职业,property_762
yuanshi_15,职业,property_763
yuanshi_15,毕业院校,property_764
yuanshi_15,毕业院校,property_255
yuanshi_15,代表作品,property_765
yuanshi_15,主要成就,property_766
yuanshi_15,院校,property_893
yuanshi_15,院校,property_884
yuanshi_15,任职,property_769
yuanshi_15,职称,property_771
yuanshi_15,职称,property_772
yuanshi_15,职称,property_774
yuanshi_15,职称,property_775
yuanshi_15,职称,property_776
yuanshi_15,职称,property_777
yuanshi_15,职称,property_778
yuanshi_15,职称,property_779
yuanshi_15,职称,property_780
yuanshi_15,职称,property_781
yuanshi_15,职称,property_782
yuanshi_15,职称,property_783
yuanshi_15,职称,property_885
yuanshi_15,职称,property_432
yuanshi_15,职称,property_784
yuanshi_15,职称,property_785
yuanshi_15,职称,property_786
yuanshi_15,职称,property_787
yuanshi_15,职称,property_886
yuanshi_15,职称,property_536
yuanshi_15,职称,property_788
yuanshi_15,职称,property_789
yuanshi_15,职称,property_790
yuanshi_15,职称,property_791
yuanshi_15,职称,property_792
yuanshi_15,职称,property_793
yuanshi_15,职称,property_794
yuanshi_15,职称,property_795
yuanshi_15,职称,property_796
yuanshi_15,职称,property_797
yuanshi_15,职称,property_887
yuanshi_15,职称,property_888
yuanshi_15,研究领域,property_798
yuanshi_15,荣誉,property_799
yuanshi_15,荣誉,property_889
yuanshi_15,论著,property_773
yuanshi_15,成果,property_800
yuanshi_15,成果,property_801
yuanshi_15,成果,property_802
yuanshi_15,成果,property_803
yuanshi_15,成果,property_804
yuanshi_15,发明专利类,property_891
yuanshi_15,人才培养类,property_806
yuanshi_16,中文名,property_894
yuanshi_16,性别,property_3
yuanshi_16,出生日期,property_808
yuanshi_16,出生地,property_809
yuanshi_16,国籍,property_810
yuanshi_16,民族,property_895
yuanshi_16,职业,property_11
yuanshi_16,职业,property_811
yuanshi_16,毕业院校,property_812
yuanshi_16,毕业院校,property_813
yuanshi_16,毕业院校,property_814
yuanshi_16,代表作品,property_815
yuanshi_16,代表作品,property_816
yuanshi_16,代表作品,property_7
yuanshi_16,主要成就,property_817
yuanshi_16,主要成就,property_818
yuanshi_16,主要成就,property_819
yuanshi_16,主要成就,property_820
yuanshi_16,信仰,property_821
yuanshi_16,院校,property_896
yuanshi_16,任职,property_770
yuanshi_16,任职,property_823
yuanshi_16,任职,property_824
yuanshi_16,任职,property_825
yuanshi_16,任职,property_826
yuanshi_16,职称,property_827
yuanshi_16,职称,property_828
yuanshi_16,职称,property_829
yuanshi_16,职称,property_830
yuanshi_16,职称,property_831
yuanshi_16,职称,property_432
yuanshi_16,职称,property_389
yuanshi_16,职称,property_832
yuanshi_16,职称,property_833
yuanshi_16,职称,property_834
yuanshi_16,职称,property_897
yuanshi_16,职称,property_898
yuanshi_16,职称,property_835
yuanshi_16,职称,property_836
yuanshi_16,职称,property_837
yuanshi_16,职称,property_838
yuanshi_16,职称,property_613
yuanshi_16,职称,property_899
yuanshi_16,职称,property_839
yuanshi_16,职称,property_900
yuanshi_16,职称,property_840
yuanshi_16,职称,property_841
yuanshi_16,职称,property_901
yuanshi_16,职称,property_842
yuanshi_16,职称,property_843
yuanshi_16,职称,property_844
yuanshi_16,职称,property_845
yuanshi_16,职称,property_846
yuanshi_16,职称,property_847
yuanshi_16,职称,property_902
yuanshi_16,职称,property_848
yuanshi_16,职称,property_903
yuanshi_16,职称,property_849
yuanshi_16,职称,property_904
yuanshi_16,职称,property_850
yuanshi_16,职称,property_905
yuanshi_16,职称,property_906
yuanshi_16,职称,property_851
yuanshi_16,研究领域,property_907
yuanshi_16,荣誉,property_853
yuanshi_16,荣誉,property_854
yuanshi_16,荣誉,property_908
yuanshi_16,荣誉,property_855
yuanshi_16,荣誉,property_856
yuanshi_16,荣誉,property_857
yuanshi_16,荣誉,property_858
yuanshi_16,荣誉,property_859
yuanshi_16,荣誉,property_860
yuanshi_16,荣誉,property_861
yuanshi_16,荣誉,property_909
yuanshi_16,荣誉,property_862
yuanshi_16,荣誉,property_910
yuanshi_16,荣誉,property_911
yuanshi_16,项目,property_863
yuanshi_16,成果,property_864
yuanshi_16,成果,property_865
yuanshi_16,成果,property_866
yuanshi_16,成果,property_867
yuanshi_16,成果,property_868
yuanshi_16,成果,property_869
yuanshi_16,成果,property_870
yuanshi_16,成果,property_871
yuanshi_16,成果,property_872
yuanshi_16,成果,property_873
yuanshi_16,成果,property_874
yuanshi_16,成果,property_875
yuanshi_16,成果,property_876
yuanshi_16,成果,property_877
yuanshi_16,成果,property_878
yuanshi_16,成果,property_879
yuanshi_16,成果,property_880
yuanshi_16,成果,property_881
yuanshi_16,成果,property_882
yuanshi_17,中文名,property_912
yuanshi_17,外文名,property_913
yuanshi_17,性别,property_3
yuanshi_17,出生日期,property_914
yuanshi_17,出生地,property_915
yuanshi_17,国籍,property_6
yuanshi_17,职业,property_641
yuanshi_17,职业,property_916
yuanshi_17,毕业院校,property_917
yuanshi_17,毕业院校,property_918
yuanshi_17,毕业院校,property_919
yuanshi_17,代表作品,property_920
yuanshi_17,主要成就,property_921
yuanshi_17,主要成就,property_38
yuanshi_17,院校,property_922
yuanshi_17,院校,property_923
yuanshi_17,任职,property_924
yuanshi_17,任职,property_823
yuanshi_17,任职,property_925
yuanshi_17,任职,property_825
yuanshi_17,任职,property_826
yuanshi_17,任职,property_926
yuanshi_17,任职,property_927
yuanshi_17,任职,property_928
yuanshi_17,任职,property_373
yuanshi_17,任职,property_929
yuanshi_17,任职,property_930
yuanshi_17,任职,property_928
yuanshi_17,职称,property_931
yuanshi_17,职称,property_932
yuanshi_17,职称,property_933
yuanshi_17,职称,property_536
yuanshi_17,职称,property_934
yuanshi_17,职称,property_935
yuanshi_17,职称,property_931
yuanshi_17,职称,property_936
yuanshi_17,职称,property_932
yuanshi_17,职称,property_937
yuanshi_17,职称,property_938
yuanshi_17,职称,property_939
yuanshi_17,职称,property_940
yuanshi_17,职称,property_941
yuanshi_17,职称,property_934
yuanshi_17,职称,property_935
yuanshi_17,职称,property_942
yuanshi_17,职称,property_943
yuanshi_17,职称,property_943
yuanshi_17,研究领域,property_944
yuanshi_17,成果,property_945
yuanshi_17,成果,property_946
yuanshi_17,成果,property_947
yuanshi_17,成果,property_948
yuanshi_17,成果,property_949
yuanshi_17,成果,property_950
yuanshi_17,成果,property_951
yuanshi_17,成果,property_952
yuanshi_17,成果,property_953
yuanshi_17,成果,property_868
yuanshi_17,成果,property_954
yuanshi_17,发明专利类,property_955
yuanshi_17,人才培养类,property_956
yuanshi_18,中文名,property_957
yuanshi_18,性别,property_3
yuanshi_18,出生日期,property_253
yuanshi_18,出生地,property_254
yuanshi_18,国籍,property_6
yuanshi_18,民族,property_7
yuanshi_18,职业,property_38
yuanshi_18,毕业院校,property_255
yuanshi_18,主要成就,property_958
yuanshi_18,任职,property_373
yuanshi_18,任职,property_959
yuanshi_18,职称,property_960
yuanshi_18,职称,property_960
yuanshi_18,职称,property_264
yuanshi_18,职称,property_961
yuanshi_18,职称,property_962
yuanshi_18,职称,property_961
yuanshi_18,职称,property_963
yuanshi_18,职称,property_964
yuanshi_18,职称,property_965
yuanshi_18,职称,property_966
yuanshi_18,荣誉,property_967
yuanshi_18,成果,property_268
yuanshi_18,成果,property_968
yuanshi_18,成果,property_969
yuanshi_19,中文名,property_970
yuanshi_19,性别,property_3
yuanshi_19,出生日期,property_253
yuanshi_19,出生地,property_254
yuanshi_19,国籍,property_6
yuanshi_19,民族,property_7
yuanshi_19,职业,property_38
yuanshi_19,毕业院校,property_255
yuanshi_19,主要成就,property_958
yuanshi_19,任职,property_373
yuanshi_19,任职,property_959
yuanshi_19,职称,property_960
yuanshi_19,职称,property_971
yuanshi_19,职称,property_264
yuanshi_19,职称,property_961
yuanshi_19,职称,property_962
yuanshi_19,职称,property_972
yuanshi_19,职称,property_963
yuanshi_19,职称,property_964
yuanshi_19,职称,property_965
yuanshi_19,职称,property_966
yuanshi_19,荣誉,property_967
yuanshi_19,成果,property_268
yuanshi_19,成果,property_968
yuanshi_20,中文名,property_973
yuanshi_20,性别,property_3
yuanshi_20,出生日期,property_253
yuanshi_20,出生地,property_254
yuanshi_20,国籍,property_6
yuanshi_20,民族,property_7
yuanshi_20,职业,property_38
yuanshi_20,毕业院校,property_255
yuanshi_20,主要成就,property_958
yuanshi_20,任职,property_373
yuanshi_20,任职,property_959
yuanshi_20,职称,property_960
yuanshi_20,职称,property_971
yuanshi_20,职称,property_264
yuanshi_20,职称,property_961
yuanshi_20,职称,property_962
yuanshi_20,职称,property_972
yuanshi_20,职称,property_963
yuanshi_20,职称,property_964
yuanshi_20,职称,property_965
yuanshi_20,职称,property_966
yuanshi_20,荣誉,property_967
yuanshi_20,成果,property_268
yuanshi_20,成果,property_968
yuanshi_21,中文名,property_974
yuanshi_21,性别,property_3
yuanshi_21,出生日期,property_253
yuanshi_21,出生地,property_254
yuanshi_21,国籍,property_6
yuanshi_21,民族,property_7
yuanshi_21,职业,property_38
yuanshi_21,毕业院校,property_255
yuanshi_21,主要成就,property_958
yuanshi_21,任职,property_373
yuanshi_21,任职,property_959
yuanshi_21,职称,property_960
yuanshi_21,职称,property_971
yuanshi_21,职称,property_264
yuanshi_21,职称,property_961
yuanshi_21,职称,property_962
yuanshi_21,职称,property_972
yuanshi_21,职称,property_963
yuanshi_21,职称,property_964
yuanshi_21,职称,property_965
yuanshi_21,职称,property_966
yuanshi_21,荣誉,property_967
yuanshi_21,成果,property_268
yuanshi_21,成果,property_968
yuanshi_22,中文名,property_975
yuanshi_22,性别,property_3
yuanshi_22,出生日期,property_253
yuanshi_22,出生地,property_254
yuanshi_22,国籍,property_6
yuanshi_22,民族,property_7
yuanshi_22,职业,property_38
yuanshi_22,毕业院校,property_255
yuanshi_22,主要成就,property_958
yuanshi_22,任职,property_373
yuanshi_22,任职,property_959
yuanshi_22,职称,property_960
yuanshi_22,职称,property_971
yuanshi_22,职称,property_264
yuanshi_22,职称,property_961
yuanshi_22,职称,property_962
yuanshi_22,职称,property_972
yuanshi_22,职称,property_963
yuanshi_22,职称,property_964
yuanshi_22,职称,property_965
yuanshi_22,职称,property_966
yuanshi_22,荣誉,property_967
yuanshi_22,成果,property_268
yuanshi_22,成果,property_968
yuanshi_23,中文名,property_976
yuanshi_23,性别,property_3
yuanshi_23,出生日期,property_253
yuanshi_23,出生地,property_254
yuanshi_23,国籍,property_6
yuanshi_23,民族,property_7
yuanshi_23,职业,property_38
yuanshi_23,毕业院校,property_255
yuanshi_23,主要成就,property_958
yuanshi_23,任职,property_373
yuanshi_23,任职,property_959
yuanshi_23,职称,property_960
yuanshi_23,职称,property_971
yuanshi_23,职称,property_264
yuanshi_23,职称,property_961
yuanshi_23,职称,property_962
yuanshi_23,职称,property_972
yuanshi_23,职称,property_963
yuanshi_23,职称,property_964
yuanshi_23,职称,property_965
yuanshi_23,职称,property_966
yuanshi_23,荣誉,property_967
yuanshi_23,成果,property_268
yuanshi_23,成果,property_968
yuanshi_24,中文名,property_977
yuanshi_24,性别,property_3
yuanshi_24,出生日期,property_253
yuanshi_24,出生地,property_254
yuanshi_24,国籍,property_6
yuanshi_24,民族,property_7
yuanshi_24,职业,property_38
yuanshi_24,毕业院校,property_255
yuanshi_24,主要成就,property_958
yuanshi_24,任职,property_373
yuanshi_24,任职,property_959
yuanshi_24,职称,property_960
yuanshi_24,职称,property_971
yuanshi_24,职称,property_264
yuanshi_24,职称,property_961
yuanshi_24,职称,property_962
yuanshi_24,职称,property_972
yuanshi_24,职称,property_963
yuanshi_24,职称,property_964
yuanshi_24,职称,property_965
yuanshi_24,职称,property_966
yuanshi_24,荣誉,property_967
yuanshi_24,成果,property_268
yuanshi_24,成果,property_968
yuanshi_24,成果,property_969
yuanshi_25,中文名,property_978
yuanshi_25,出生日期,property_979
yuanshi_25,国籍,property_6
yuanshi_25,民族,property_499
yuanshi_25,职业,property_408
yuanshi_25,职业,property_980
yuanshi_25,毕业院校,property_981
yuanshi_25,任职,property_982
yuanshi_25,职称,property_983
yuanshi_25,职称,property_984
yuanshi_25,职称,property_985
yuanshi_25,职称,property_986
yuanshi_25,职称,property_987
yuanshi_25,职称,property_984
yuanshi_25,职称,property_988
yuanshi_25,职称,property_989
yuanshi_25,职称,property_990
yuanshi_25,职称,property_991
yuanshi_25,职称,property_992
yuanshi_25,论著,property_993
yuanshi_25,论著,property_994
yuanshi_25,论著,property_995
yuanshi_25,成果,property_267
